CREATE DATABASE  IF NOT EXISTS `energy_provider` /*!40100 DEFAULT CHARACTER SET utf8mb4 COLLATE utf8mb4_0900_ai_ci */ /*!80016 DEFAULT ENCRYPTION='N' */;
USE `energy_provider`;
-- MySQL dump 10.13  Distrib 8.0.28, for Win64 (x86_64)
--
-- Host: localhost    Database: energy_provider
-- ------------------------------------------------------
-- Server version	8.0.28

/*!40101 SET @OLD_CHARACTER_SET_CLIENT=@@CHARACTER_SET_CLIENT */;
/*!40101 SET @OLD_CHARACTER_SET_RESULTS=@@CHARACTER_SET_RESULTS */;
/*!40101 SET @OLD_COLLATION_CONNECTION=@@COLLATION_CONNECTION */;
/*!50503 SET NAMES utf8 */;
/*!40103 SET @OLD_TIME_ZONE=@@TIME_ZONE */;
/*!40103 SET TIME_ZONE='+00:00' */;
/*!40014 SET @OLD_UNIQUE_CHECKS=@@UNIQUE_CHECKS, UNIQUE_CHECKS=0 */;
/*!40014 SET @OLD_FOREIGN_KEY_CHECKS=@@FOREIGN_KEY_CHECKS, FOREIGN_KEY_CHECKS=0 */;
/*!40101 SET @OLD_SQL_MODE=@@SQL_MODE, SQL_MODE='NO_AUTO_VALUE_ON_ZERO' */;
/*!40111 SET @OLD_SQL_NOTES=@@SQL_NOTES, SQL_NOTES=0 */;

--
-- Table structure for table `bill`
--

DROP TABLE IF EXISTS `bill`;
/*!40101 SET @saved_cs_client     = @@character_set_client */;
/*!50503 SET character_set_client = utf8mb4 */;
CREATE TABLE `bill` (
  `idBill` int NOT NULL,
  `Products` varchar(45) NOT NULL,
  `ammountDue` float NOT NULL,
  `PaymentDue` date NOT NULL,
  `billPayed` bit(1) NOT NULL,
  PRIMARY KEY (`idBill`)
) ENGINE=InnoDB DEFAULT CHARSET=utf8mb4 COLLATE=utf8mb4_0900_ai_ci;
/*!40101 SET character_set_client = @saved_cs_client */;

--
-- Dumping data for table `bill`
--

LOCK TABLES `bill` WRITE;
/*!40000 ALTER TABLE `bill` DISABLE KEYS */;
INSERT INTO `bill` VALUES (1,'Solar',45,'2022-04-07',_binary '\0'),(2,'Nuclear Gas ',80,'2022-04-15',_binary '\0'),(3,'Crude Oil',101,'2022-04-21',_binary '\0'),(4,'Nuclear',90,'2022-04-23',_binary '\0'),(5,'Solar',48,'2022-03-15',_binary ''),(6,'Solar',68,'2022-03-30',_binary ''),(7,'Nuclear',103,'2022-03-16',_binary ''),(8,'Crude Oil',98,'2022-03-19',_binary ''),(9,'Solar',45,'2022-03-20',_binary ''),(10,'Natural Gas',102,'2022-03-17',_binary ''),(11,'Crude Oil',129.99,'2022-09-09',_binary ''),(12,'Solar Energy',45,'2022-04-07',_binary '\0'),(13,'Solar Enegry',20,'2022-02-19',_binary '\0'),(14,'Crude Oil',120,'2022-06-20',_binary ''),(15,'Nuclear',80,'2022-04-06',_binary '\0'),(16,'Natural Gas',120,'2022-05-10',_binary '\0'),(17,'Natural Gas',118,'2022-04-12',_binary ''),(18,'Crude Oil',125,'2022-07-01',_binary '\0'),(19,'Solar',75,'2022-03-05',_binary ''),(20,'Crude Oil',105,'2022-03-09',_binary ''),(21,'Natural Gas',74,'2022-03-19',_binary ''),(22,'Crude Oil',82,'2022-03-14',_binary ''),(23,'Solar',74,'2022-02-18',_binary ''),(24,'Natural Gas',89,'2022-02-04',_binary ''),(25,'Crude Oil',97,'2022-02-07',_binary ''),(26,'Nuclear',102,'2022-02-19',_binary ''),(27,'Crude Oil',109,'2022-02-12',_binary ''),(28,'Solar',74,'2022-02-11',_binary ''),(29,'Solar',64,'2022-02-03',_binary ''),(30,'Natural Gas',89,'2022-02-21',_binary ''),(31,'Crude Oil',110,'2022-02-25',_binary ''),(32,'Solar',56,'2022-01-02',_binary ''),(33,'Natural Gas',97,'2022-01-04',_binary ''),(34,'Crude Oil',102,'2022-01-06',_binary ''),(35,'Solar',68,'2022-01-07',_binary ''),(36,'Natural Gas',86,'2022-01-11',_binary ''),(37,'Natural Gas',59,'2022-02-17',_binary ''),(38,'Crude Oil',103,'2022-02-18',_binary ''),(39,'Solar',78,'2022-02-19',_binary ''),(40,'Nuclear',52,'2022-02-20',_binary ''),(41,'Crude Oil',103,'2022-02-21',_binary ''),(42,'Solar',72,'2022-02-22',_binary ''),(43,'Nuclear',94,'2022-02-23',_binary ''),(44,'Nuclear',100,'2022-02-24',_binary ''),(45,'Nuclear',104,'2022-02-25',_binary ''),(46,'Crude Oil',56,'2022-02-26',_binary ''),(47,'Solar',68,'2022-02-27',_binary ''),(48,'Nuclear',110,'2022-02-28',_binary ''),(49,'Nuclear',53,'2022-02-28',_binary ''),(50,'Natural Gas',42,'2022-02-01',_binary '\0'),(51,'Nuclear',63,'2022-02-02',_binary '\0'),(52,'Solar',75,'2022-02-03',_binary '\0'),(53,'Crude Oil',60,'2022-02-04',_binary '\0'),(54,'Natural Gas',103,'2022-02-05',_binary '\0'),(55,'Nuclear',95,'2022-02-06',_binary '\0'),(56,'Crude Oil',104,'2022-02-07',_binary '\0'),(57,'Crude Oil',93,'2022-02-08',_binary '\0'),(58,'Nuclear',109,'2022-02-09',_binary '\0'),(59,'Natural Gas',80,'2022-02-10',_binary '\0'),(60,'Nuclear',100,'2022-02-11',_binary '\0'),(61,'Natural Gas',41,'2022-02-12',_binary '\0'),(62,'Crude Oil',71,'2022-02-13',_binary '\0'),(63,'Crude Oil',55,'2022-02-14',_binary '\0'),(64,'Natural Gas',70,'2022-02-15',_binary '\0'),(65,'Crude Oil',100,'2022-02-16',_binary '\0'),(66,'Nuclear',93,'2022-02-17',_binary '\0'),(67,'Crude Oil',83,'2022-02-18',_binary '\0'),(68,'Nuclear',45,'2022-02-19',_binary '\0'),(69,'Natural Gas',86,'2022-02-20',_binary '\0'),(70,'Nuclear',48,'2022-02-21',_binary '\0'),(71,'Crude Oil',41,'2022-02-22',_binary '\0'),(72,'Nuclear',111,'2022-02-23',_binary '\0'),(73,'Crude Oil',118,'2022-02-24',_binary '\0'),(74,'Natural Gas',60,'2022-02-25',_binary '\0'),(75,'Solar',88,'2022-02-26',_binary '\0'),(76,'Natural Gas',48,'2022-02-27',_binary '\0'),(77,'Natural Gas',55,'2022-02-28',_binary '\0'),(78,'Crude Oil',55,'2022-02-26',_binary '\0'),(79,'Crude Oil',96,'2022-02-22',_binary '\0'),(80,'Natural Gas',78,'2022-02-01',_binary '\0'),(81,'Natural Gas',58,'2022-02-02',_binary '\0'),(82,'Nuclear',112,'2022-02-03',_binary '\0'),(83,'Crude Oil',58,'2022-02-04',_binary '\0'),(84,'Solar',49,'2022-02-05',_binary '\0'),(85,'Crude Oil',86,'2022-02-06',_binary '\0'),(86,'Solar',47,'2022-02-07',_binary '\0'),(87,'Natural Gas',91,'2022-02-08',_binary '\0'),(88,'Nuclear',73,'2022-02-09',_binary '\0'),(89,'Natural Gas',64,'2022-02-10',_binary '\0'),(90,'Crude Oil',78,'2022-02-11',_binary '\0'),(91,'Nuclear',81,'2022-02-12',_binary '\0'),(92,'Natural Gas',100,'2022-02-13',_binary '\0'),(93,'Crude Oil',81,'2022-02-14',_binary '\0'),(94,'Solar',73,'2022-02-15',_binary '\0'),(95,'Nuclear',95,'2022-02-16',_binary '\0'),(96,'Nuclear',99,'2022-02-17',_binary '\0'),(97,'Crude Oil',67,'2022-02-18',_binary '\0'),(98,'Nuclear',49,'2022-02-19',_binary '\0'),(99,'Nuclear',108,'2022-02-20',_binary '\0'),(100,'Solar',89,'2022-02-21',_binary '\0'),(101,'Solar',109,'2022-01-01',_binary ''),(102,'Crude Oil',87,'2022-01-02',_binary ''),(103,'Natural Gas',118,'2022-01-03',_binary ''),(104,'Solar',70,'2022-01-04',_binary ''),(105,'Nuclear',96,'2022-01-05',_binary ''),(106,'Crude Oil',54,'2022-01-06',_binary ''),(107,'Solar',89,'2022-01-07',_binary ''),(108,'Nuclear',79,'2022-01-08',_binary ''),(109,'Solar',104,'2022-01-09',_binary ''),(110,'Solar',91,'2022-01-10',_binary ''),(111,'Crude Oil',55,'2022-01-11',_binary ''),(112,'Solar',82,'2022-01-12',_binary ''),(113,'Nuclear',106,'2022-01-13',_binary ''),(114,'Nuclear',64,'2022-01-14',_binary ''),(115,'Solar',47,'2022-01-15',_binary ''),(116,'Natural Gas',54,'2022-01-16',_binary ''),(117,'Crude Oil',66,'2022-01-17',_binary ''),(118,'Nuclear',58,'2022-01-18',_binary ''),(119,'Natural Gas',107,'2022-01-19',_binary ''),(120,'Solar',70,'2022-01-20',_binary ''),(121,'Crude Oil',97,'2022-01-21',_binary ''),(122,'Nuclear',103,'2022-01-22',_binary ''),(123,'Crude Oil',49,'2022-01-23',_binary ''),(124,'Solar',75,'2022-01-24',_binary ''),(125,'Solar',52,'2022-01-25',_binary ''),(126,'Natural Gas',107,'2022-01-26',_binary ''),(127,'Crude Oil',76,'2022-01-27',_binary ''),(128,'Solar',77,'2022-01-28',_binary ''),(129,'Natural Gas',42,'2022-01-29',_binary ''),(130,'Natural Gas',96,'2022-01-30',_binary ''),(131,'Solar',41,'2021-12-01',_binary ''),(132,'Nuclear',100,'2021-12-02',_binary ''),(133,'Crude Oil',106,'2021-12-03',_binary ''),(134,'Natural Gas',79,'2021-12-04',_binary ''),(135,'Nuclear',42,'2021-12-05',_binary ''),(136,'Solar',100,'2021-12-06',_binary ''),(137,'Solar',59,'2021-12-07',_binary ''),(138,'Crude Oil',66,'2021-12-08',_binary ''),(139,'Nuclear',49,'2021-12-09',_binary ''),(140,'Crude Oil',73,'2021-12-10',_binary ''),(141,'Solar',56,'2021-12-11',_binary ''),(142,'Nuclear',108,'2021-12-12',_binary ''),(143,'Natural Gas',110,'2021-12-13',_binary ''),(144,'Natural Gas',61,'2021-12-14',_binary ''),(145,'Solar',54,'2021-12-15',_binary ''),(146,'Solar',65,'2021-12-16',_binary ''),(147,'Natural Gas',85,'2021-12-17',_binary ''),(148,'Natural Gas',103,'2021-12-18',_binary ''),(149,'Nuclear',80,'2021-12-19',_binary ''),(150,'Solar',80,'2021-12-20',_binary ''),(151,'Crude Oil',88,'2021-12-21',_binary ''),(152,'Nuclear',99,'2021-12-22',_binary ''),(153,'Nuclear',105,'2021-12-23',_binary ''),(154,'Crude Oil',95,'2021-12-24',_binary ''),(155,'Crude Oil',77,'2021-12-25',_binary ''),(156,'Solar',54,'2021-12-26',_binary ''),(157,'Nuclear',64,'2021-12-27',_binary ''),(158,'Nuclear',52,'2021-12-28',_binary ''),(159,'Solar',47,'2021-12-29',_binary ''),(160,'Nuclear',100,'2021-12-30',_binary ''),(161,'Natural Gas',62,'2021-11-01',_binary ''),(162,'Natural Gas',102,'2021-11-02',_binary ''),(163,'Nuclear',100,'2021-11-03',_binary ''),(164,'Natural Gas',113,'2021-11-04',_binary ''),(165,'Crude Oil',119,'2021-11-05',_binary ''),(166,'Crude Oil',65,'2021-11-06',_binary ''),(167,'Crude Oil',74,'2021-11-07',_binary ''),(168,'Nuclear',48,'2021-11-08',_binary ''),(169,'Nuclear',53,'2021-11-09',_binary ''),(170,'Crude Oil',52,'2021-11-10',_binary ''),(171,'Solar',40,'2021-11-11',_binary ''),(172,'Solar',99,'2021-11-12',_binary ''),(173,'Nuclear',95,'2021-11-13',_binary ''),(174,'Natural Gas',91,'2021-11-14',_binary ''),(175,'Solar',119,'2021-11-15',_binary ''),(176,'Nuclear',96,'2021-11-16',_binary ''),(177,'Solar',84,'2021-11-17',_binary ''),(178,'Nuclear',91,'2021-11-18',_binary ''),(179,'Nuclear',54,'2021-11-19',_binary ''),(180,'Crude Oil',96,'2021-11-20',_binary ''),(181,'Natural Gas',45,'2021-11-21',_binary ''),(182,'Natural Gas',46,'2021-11-22',_binary ''),(183,'Crude Oil',80,'2021-11-23',_binary ''),(184,'Natural Gas',68,'2021-11-24',_binary ''),(185,'Crude Oil',56,'2021-11-25',_binary ''),(186,'Nuclear',77,'2021-11-26',_binary ''),(187,'Crude Oil',80,'2021-11-27',_binary ''),(188,'Crude Oil',71,'2021-11-28',_binary ''),(189,'Natural Gas',41,'2021-11-29',_binary ''),(190,'Nuclear',106,'2021-11-30',_binary ''),(191,'Solar',48,'2021-10-01',_binary ''),(192,'Crude Oil',49,'2021-10-02',_binary ''),(193,'Natural Gas',95,'2021-10-03',_binary ''),(194,'Solar',108,'2021-10-04',_binary ''),(195,'Nuclear',96,'2021-10-05',_binary ''),(196,'Natural Gas',82,'2021-10-06',_binary ''),(197,'Crude Oil',89,'2021-10-07',_binary ''),(198,'Crude Oil',99,'2021-10-08',_binary ''),(199,'Nuclear',113,'2021-10-09',_binary ''),(200,'Crude Oil',82,'2021-10-10',_binary ''),(201,'Crude Oil',110,'2021-10-11',_binary ''),(202,'Crude Oil',73,'2021-10-12',_binary ''),(203,'Solar',117,'2021-10-13',_binary ''),(204,'Crude Oil',40,'2021-10-14',_binary ''),(205,'Natural Gas',71,'2021-10-15',_binary ''),(206,'Crude Oil',72,'2021-10-16',_binary ''),(207,'Crude Oil',79,'2021-10-17',_binary ''),(208,'Crude Oil',78,'2021-10-18',_binary ''),(209,'Natural Gas',58,'2021-10-19',_binary ''),(210,'Solar',83,'2021-10-20',_binary ''),(211,'Solar',94,'2021-10-21',_binary ''),(212,'Solar',67,'2021-10-22',_binary ''),(213,'Solar',86,'2021-10-23',_binary ''),(214,'Nuclear',83,'2021-10-24',_binary ''),(215,'Nuclear',84,'2021-10-25',_binary ''),(216,'Nuclear',69,'2021-10-26',_binary ''),(217,'Nuclear',54,'2021-10-27',_binary ''),(218,'Solar',95,'2021-10-28',_binary ''),(219,'Nuclear',109,'2021-10-29',_binary ''),(220,'Crude Oil',99,'2021-10-30',_binary ''),(221,'Crude Oil',61,'2022-03-01',_binary ''),(222,'Solar',100,'2022-03-02',_binary ''),(223,'Crude Oil',42,'2022-03-03',_binary ''),(224,'Solar',92,'2022-03-04',_binary ''),(225,'Crude Oil',46,'2022-03-05',_binary ''),(226,'Solar',70,'2022-03-06',_binary ''),(227,'Nuclear',108,'2022-03-07',_binary ''),(228,'Natural Gas',110,'2022-03-08',_binary ''),(229,'Natural Gas',70,'2022-03-09',_binary ''),(230,'Crude Oil',51,'2022-03-10',_binary ''),(231,'Crude Oil',59,'2022-03-11',_binary ''),(232,'Crude Oil',63,'2022-03-12',_binary ''),(233,'Solar',89,'2022-03-13',_binary ''),(234,'Crude Oil',73,'2022-03-14',_binary ''),(235,'Nuclear',83,'2022-03-15',_binary ''),(236,'Natural Gas',71,'2022-03-16',_binary ''),(237,'Nuclear',117,'2022-03-17',_binary ''),(238,'Natural Gas',86,'2022-03-18',_binary ''),(239,'Solar',47,'2022-03-19',_binary ''),(240,'Crude Oil',119,'2022-03-20',_binary ''),(241,'Nuclear',40,'2022-03-21',_binary ''),(242,'Crude Oil',42,'2022-03-22',_binary ''),(243,'Natural Gas',52,'2022-03-23',_binary ''),(244,'Solar',113,'2022-03-24',_binary ''),(245,'Nuclear',70,'2022-03-25',_binary ''),(246,'Natural Gas',87,'2022-03-26',_binary ''),(247,'Crude Oil',55,'2022-03-27',_binary ''),(248,'Solar',77,'2022-03-28',_binary ''),(249,'Natural Gas',88,'2022-03-29',_binary ''),(250,'Crude Oil',118,'2022-03-30',_binary ''),(251,'Natural Gas',84,'2022-02-01',_binary ''),(252,'Solar',82,'2022-02-02',_binary ''),(253,'Solar',63,'2022-02-03',_binary ''),(254,'Solar',76,'2022-02-04',_binary ''),(255,'Solar',109,'2022-02-05',_binary ''),(256,'Natural Gas',74,'2022-02-06',_binary ''),(257,'Nuclear',106,'2022-02-07',_binary ''),(258,'Crude Oil',81,'2022-02-08',_binary ''),(259,'Natural Gas',74,'2022-02-09',_binary ''),(260,'Crude Oil',43,'2022-02-10',_binary ''),(261,'Nuclear',82,'2022-02-11',_binary ''),(262,'Nuclear',77,'2022-02-12',_binary ''),(263,'Natural Gas',69,'2022-02-13',_binary ''),(264,'Crude Oil',61,'2022-02-14',_binary ''),(265,'Natural Gas',42,'2022-02-15',_binary ''),(266,'Natural Gas',109,'2022-02-16',_binary ''),(267,'Crude Oil',117,'2022-02-17',_binary ''),(268,'Crude Oil',78,'2022-02-18',_binary ''),(269,'Solar',65,'2022-02-19',_binary ''),(270,'Natural Gas',73,'2022-02-20',_binary ''),(271,'Natural Gas',59,'2022-02-21',_binary ''),(272,'Solar',70,'2022-02-22',_binary ''),(273,'Solar',61,'2022-02-23',_binary ''),(274,'Crude Oil',66,'2022-02-24',_binary ''),(275,'Solar',53,'2022-02-25',_binary ''),(276,'Natural Gas',77,'2022-02-26',_binary ''),(277,'Solar',91,'2022-02-27',_binary ''),(278,'Crude Oil',109,'2022-02-28',_binary ''),(279,'Crude Oil',72,'2022-02-24',_binary ''),(280,'Crude Oil',47,'2022-02-22',_binary ''),(281,'Solar',56,'2022-03-01',_binary ''),(282,'Solar',101,'2022-03-02',_binary ''),(283,'Nuclear',63,'2022-03-03',_binary ''),(284,'Nuclear',50,'2022-03-04',_binary ''),(285,'Crude Oil',105,'2022-03-05',_binary ''),(286,'Natural Gas',46,'2022-03-06',_binary ''),(287,'Nuclear',108,'2022-03-07',_binary ''),(288,'Crude Oil',103,'2022-03-08',_binary ''),(289,'Solar',59,'2022-03-09',_binary ''),(290,'Solar',73,'2022-03-10',_binary ''),(291,'Solar',84,'2022-03-11',_binary ''),(292,'Natural Gas',106,'2022-03-12',_binary ''),(293,'Solar',66,'2022-03-13',_binary ''),(294,'Nuclear',110,'2022-03-14',_binary ''),(295,'Nuclear',105,'2022-03-15',_binary ''),(296,'Crude Oil',84,'2022-03-16',_binary ''),(297,'Crude Oil',97,'2022-03-17',_binary ''),(298,'Natural Gas',98,'2022-03-18',_binary ''),(299,'Natural Gas',90,'2022-03-19',_binary ''),(300,'Solar',54,'2022-03-20',_binary '');
/*!40000 ALTER TABLE `bill` ENABLE KEYS */;
UNLOCK TABLES;

--
-- Table structure for table `customer`
--

DROP TABLE IF EXISTS `customer`;
/*!40101 SET @saved_cs_client     = @@character_set_client */;
/*!50503 SET character_set_client = utf8mb4 */;
CREATE TABLE `customer` (
  `idCustomer` int NOT NULL,
  `phoneNum` varchar(20) NOT NULL,
  `name` varchar(45) NOT NULL,
  `Email` varchar(45) NOT NULL,
  PRIMARY KEY (`idCustomer`),
  UNIQUE KEY `Email_UNIQUE` (`Email`),
  UNIQUE KEY `nameCustomer_UNIQUE` (`name`),
  UNIQUE KEY `phoneNum_UNIQUE` (`phoneNum`)
) ENGINE=InnoDB DEFAULT CHARSET=utf8mb4 COLLATE=utf8mb4_0900_ai_ci;
/*!40101 SET character_set_client = @saved_cs_client */;

--
-- Dumping data for table `customer`
--

LOCK TABLES `customer` WRITE;
/*!40000 ALTER TABLE `customer` DISABLE KEYS */;
INSERT INTO `customer` VALUES (1,'(226)-123-5892','Martin Brundle','Brundle2@yahoo.ca'),(2,'(226)-546-1829','Jeremy Butler','JJames29@hotmail.com'),(3,'(226)-897-5178','Luke Will','willyYams58@yahoo.com'),(4,'(226)-174-4857','Hank Hill','HankTime@outlook.com'),(5,'(226)-989-4896','Ginger Bread','Gingy@google.ca'),(6,'(226)-114-1258','Kenny Spain','vivaLaParty@outlook.ca'),(7,'(226)-111-2111','Shelly Walburg','WallE@live.ca'),(8,'(226)-988-1281','Nico Rossburg','TheFastOne@google.ca'),(9,'(226)-356-8893','Daniel Riccardo','DannyRic@gmail.com'),(10,'(226)-589-8797','Lewis Hamilton','Mcqueen25@yahoo.com'),(11,'(226)-589-1123','John Frank','MrJohhnyboy1955@yahoo.com'),(12,'(416) 154-1596','Mark Funnel','FunTimes@hotmail.com'),(13,'(416) 179-1687','Taylor Home','Jena829@hotmail.com'),(14,'(416) 798-4598','Jenny Lu','PizzaTime@hotmail.com'),(15,'(416) 479-5515','Bart Simpson','Simp38@hotmail.com'),(16,'(416) 174-4592','Stew Mor','Ste73@hotmail.com'),(17,'(416) 140-1489','Luke Han','HanSolo@hotmail.com'),(18,'(416) 478-1145','Julie Marie','Marie2745@hotmail.com'),(19,'(416) 125-1748','Thomas klahs','Thommy@hotmail.com'),(20,'(416) 555-4879','Martin Loops','Loop18@hotmail.com'),(21,'(416) 143-1486','Jack Sparrow','wate@live.ca'),(22,'(416) 148-456','Martin Frank','Basketball19@hotmail.com'),(23,'(416) 012-267','Mike Nims','Nimmy29@hotmail.com'),(24,'(282) 959-4444','Patrick Wiley','PatrickWiley@gmail.com'),(25,'(468) 464-9923','Tanya Olsen','TanyaOlsen@gmail.com'),(26,'(273) 348-8721','Gabrielle Cobian','gabrieco@gmail.com'),(27,'(638) 319-4459','Saroja Weishaar','sar.weishaar@gmail.com'),(28,'(545) 785-2641','Totty Ko','TottyKo@gmail.com'),(29,'(237) 253-6156','Gustav Tinker','GustavTinker@gmail.com'),(30,'(544) 849-1025','Ashtyn Roberson','AshtynRoberson@gmail.com'),(31,'(333) 826-5892','Laila Hurst','LailaHurst@gmail.com'),(32,'(854) 580-7375','Angelique Bird','AngeliqueBird@gmail.com'),(33,'(350) 232-3124','Ethan Eaton','EthanEaton@gmail.com'),(34,'(425) 235-9300','Titus English','TitusEnglish@gmail.com'),(35,'(393) 801-9292','Skyler Lambert','SkylerLambert@gmail.com'),(36,'(255) 328-4870','Saul Stanton','SaulStanton@gmail.com'),(37,'(442) 355-2210','Ayla Hampton','AylaHampton@gmail.com'),(38,'(415) 478-4596','Brodie Blevins','BrodieBlevins@gmail.com'),(39,'(515) 993-9070','Isaac Beasley','IsaacBeasley@gmail.com'),(40,'(870) 572-3951','Harley Holder','HarleyHolder@gmail.com'),(41,'(684) 323-7834','Carolina Barr','CarolinaBarr@gmail.com'),(42,'(639) 957-0239','Hassan Young','HassanYoung@gmail.com'),(43,'(737) 689-4947','Stephen Mcgee','StephenMcgee@gmail.com'),(44,'(857) 539-1197','Jamari Miles','JamariMiles@gmail.com'),(45,'(465) 699-7568','Barbara Lynn','BarbaraLynn@gmail.com'),(46,'(740) 759-2027','Trystan Allison','TrystanAllison@gmail.com'),(47,'(884) 758-3758','Adonis Mejia','AdonisMejia@gmail.com'),(48,'(775) 236-4265','Juliana Hopkins','JulianaHopkins@gmail.com'),(49,'(386) 871-2478','Malaki Holden','MalakiHolden@gmail.com'),(50,'(748) 847-6223','Kaitlyn Oconnor','KaitlynOconnor@gmail.com'),(51,'(238) 264-4794','Antwan Lin','AntwanLin@gmail.com'),(52,'(364) 227-4272','Kristen Gill','KristenGill@gmail.com'),(53,'(553) 705-4839','Leia Bolton','LeiaBolton@gmail.com'),(54,'(752) 567-9482','Jameson Davila','JamesonDavila@gmail.com'),(55,'(967) 210-6353','Jaida Sosa','JaidaSosa@gmail.com'),(56,'(926) 747-3851','Alexus Bowers','AlexusBowers@gmail.com'),(57,'(863) 593-2922','Alice Mendoza','AliceMendoza@gmail.com'),(58,'(996) 740-0694','Clinton Gibson','ClintonGibson@gmail.com'),(59,'(791) 517-7417','Caylee Glover','CayleeGlover@gmail.com'),(60,'(400) 219-1221','Deacon Dalton','DeaconDalton@gmail.com'),(61,'(914) 416-3815','Kenya Shepherd','KenyaShepherd@gmail.com'),(62,'(436) 334-4521','Deshawn Camacho','DeshawnCamacho@gmail.com'),(63,'(618) 301-0944','Reilly Lowery','ReillyLowery@gmail.com'),(64,'(401) 437-6853','Jefferson Zimmerman','JeffersonZimmerman@gmail.com'),(65,'(810) 816-5730','Ashleigh Wiley','AshleighWiley@gmail.com'),(66,'(977) 231-8664','Amelie Cochran','AmelieCochran@gmail.com'),(67,'(920) 806-9177','Steve Espinoza','SteveEspinoza@gmail.com'),(68,'(288) 910-2299','Sylvia Pineda','SylviaPineda@gmail.com'),(69,'(404) 299-7044','Enzo Little','EnzoLittle@gmail.com'),(70,'(588) 689-8959','Trenton Woods','TrentonWoods@gmail.com'),(71,'(968) 948-0682','Beau Douglas','BeauDouglas@gmail.com'),(72,'(284) 604-8794','Brylee Aguilar','BryleeAguilar@gmail.com'),(73,'(348) 906-1448','Ashanti Rhodes','AshantiRhodes@gmail.com'),(74,'(375) 511-1216','Johan Pham','JohanPham@gmail.com'),(75,'(802) 205-4484','Darion Aguirre','DarionAguirre@gmail.com'),(76,'(467) 758-0516','Michael Cherry','MichaelCherry@gmail.com'),(77,'(799) 465-8150','Addison Wagner','AddisonWagner@gmail.com'),(78,'(786) 960-0283','William Hatfield','WilliamHatfield@gmail.com'),(79,'(216) 564-2610','Ashanti Stafford','AshantiStafford@gmail.com'),(80,'(730) 300-4326','Saniyah Marsh','SaniyahMarsh@gmail.com'),(81,'(434) 715-2181','Mariela Sosa','MarielaSosa@gmail.com'),(82,'(380) 727-4469','Jennifer Lu','JenniferLu@gmail.com'),(83,'(892) 577-7670','Phoenix Barron','PhoenixBarron@gmail.com'),(84,'(857) 384-7215','Dayami Moyer','DayamiMoyer@gmail.com'),(85,'(749) 720-8388','Aimee Flynn','AimeeFlynn@gmail.com'),(86,'(712) 418-1149','Kendrick Young','KendrickYoung@gmail.com'),(87,'(870) 717-5340','Connor Barrett','ConnorBarrett@gmail.com'),(88,'(362) 777-2369','Rory Gray','RoryGray@gmail.com'),(89,'(828) 219-7199','Charles Sullivan','CharlesSullivan@gmail.com'),(90,'(565) 465-9574','Lilyana Cantu','LilyanaCantu@gmail.com'),(91,'(546) 606-0499','Annika Farley','AnnikaFarley@gmail.com'),(92,'(441) 354-6656','Gunner Massey','GunnerMassey@gmail.com'),(93,'(886) 525-1010','Leila Hammond','LeilaHammond@gmail.com'),(94,'(487) 687-6963','Deshawn Reyes','DeshawnReyes@gmail.com'),(95,'(814) 697-5858','Noemi Galvan','NoemiGalvan@gmail.com'),(96,'(952) 653-9789','Jessica Johnston','JessicaJohnston@gmail.com'),(97,'(482) 488-1884','Alexzander Davila','AlexzanderDavila@gmail.com'),(98,'(373) 269-0291','Justice Burke','JusticeBurke@gmail.com'),(99,'(840) 497-4889','Lewis Shields','LewisShields@gmail.com'),(100,'(756) 768-4829','Isaiah Cain','IsaiahCain@gmail.com'),(101,'(735) 558-3882','Kaley Brennan','KaleyBrennan@gmail.com'),(102,'(315) 246-6216','Aliyah Zamora','AliyahZamora@gmail.com'),(103,'(800) 927-3932','Judah Haney','JudahHaney@gmail.com'),(104,'(566) 501-4589','Keira Mcguire','KeiraMcguire@gmail.com'),(105,'(515) 823-3228','Nina Gilbert','NinaGilbert@gmail.com'),(106,'(832) 346-6394','Conor Lucas','ConorLucas@gmail.com'),(107,'(569) 308-1755','Mckenzie Griffith','MckenzieGriffith@gmail.com'),(108,'(593) 758-4478','Andrew Goodwin','AndrewGoodwin@gmail.com'),(109,'(438) 294-8799','Lamar Bauer','LamarBauer@gmail.com'),(110,'(833) 345-1077','Walker Miles','WalkerMiles@gmail.com'),(111,'(950) 307-1568','Kaydence Meyers','KaydenceMeyers@gmail.com'),(112,'(439) 635-4625','Aubrey Wilkerson','AubreyWilkerson@gmail.com'),(113,'(985) 859-4033','Katie Lam ','KatieLam@gmail.com'),(114,'(388) 255-8153','Journey Graham','JourneyGraham@gmail.com'),(115,'(877) 490-9262','Xavier Cooke','XavierCooke@gmail.com'),(116,'(996) 471-0159','Winston Church','WinstonChurch@gmail.com'),(117,'(807) 241-3881','Madeleine Esparza','MadeleineEsparza@gmail.com'),(118,'(966) 872-0677','Kade Wilkins','KadeWilkins@gmail.com'),(119,'(523) 653-5479','Vaughn Hatfield','VaughnHatfield@gmail.com'),(120,'(982) 413-5753','Donovan Golden','DonovanGolden@gmail.com'),(121,'(896) 206-1208','Nola Leon','NolaLeon@gmail.com'),(122,'(201) 318-5258','Hayden Jordan','HaydenJordan@gmail.com'),(123,'(442) 462-7483','Cedric Bradford','CedricBradford@gmail.com'),(124,'(356) 263-5536','Rubi Cannon','RubiCannon@gmail.com'),(125,'(537) 872-8079','Maddison West','MaddisonWest@gmail.com'),(126,'(634) 940-0144','Scarlet Mcknight','ScarletMcknight@gmail.com'),(127,'(714) 729-5237','Antoine Weeks','AntoineWeeks@gmail.com'),(128,'(632) 557-9981','Miya Delgado','MiyaDelgado@gmail.com'),(129,'(504) 893-7570','Paityn Wu','PaitynWu@gmail.com'),(130,'(508) 384-0625','Aryan Hendricks','AryanHendricks@gmail.com'),(131,'(867) 781-8807','Isaac Lara','IsaacLara@gmail.com'),(132,'(588) 375-4734','Eliezer Hancock','EliezerHancock@gmail.com'),(133,'(237) 567-4649','Mireya Jackson','MireyaJackson@gmail.com'),(134,'(464) 524-5841','Jayda Clay','JaydaClay@gmail.com'),(135,'(676) 955-7451','Christian Blankenship','ChristianBlankenship@gmail.com'),(136,'(993) 226-9587','Zion Dudley','ZionDudley@gmail.com'),(137,'(918) 257-2997','Gaven Rollins','GavenRollins@gmail.com'),(138,'(776) 374-4392','Enrique Christensen','EnriqueChristensen@gmail.com'),(139,'(651) 398-8178','Curtis Alvarez','CurtisAlvarez@gmail.com'),(140,'(833) 369-3688','Kendall Gallagher','KendallGallagher@gmail.com'),(141,'(395) 747-4763','Dalia Edwards','DaliaEdwards@gmail.com'),(142,'(363) 259-3440','Ronald Hobbs','RonaldHobbs@gmail.com'),(143,'(429) 898-7575','Sarah Colon','SarahColon@gmail.com'),(144,'(403) 918-6078','Karissa Ho','KarissaHo@gmail.com'),(145,'(803) 390-5679','Derrick Horn','DerrickHorn@gmail.com'),(146,'(266) 929-9555','Kelton Davenport','KeltonDavenport@gmail.com'),(147,'(675) 759-6900','Dominique Church','DominiqueChurch@gmail.com'),(148,'(419) 242-1843','Keira Fowler','KeiraFowler@gmail.com'),(149,'(349) 362-1112','Xander Chambers','XanderChambers@gmail.com'),(150,'(444) 810-4679','Luka Coffey','LukaCoffey@gmail.com'),(151,'(601) 720-6836','Jordan Browning','JordanBrowning@gmail.com'),(152,'(407) 437-7300','Dixie Olsen','DixieOlsen@gmail.com'),(153,'(765) 736-6470','Blaine Marquez','BlaineMarquez@gmail.com'),(154,'(437) 983-3931','Jaiden Mitchell','JaidenMitchell@gmail.com'),(155,'(897) 553-3513','Janelle Solomon','JanelleSolomon@gmail.com'),(156,'(460) 324-6556','Carlie Doyle','CarlieDoyle@gmail.com'),(157,'(332) 747-5861','Johnny Brown','JohnnyBrown@gmail.com'),(158,'(928) 907-7466','Anton Tate','AntonTate@gmail.com'),(159,'(560) 778-9834','Saniya Rush','SaniyaRush@gmail.com'),(160,'(710) 592-5593','Rogelio Ball','RogelioBall@gmail.com'),(161,'(833) 221-6455','Kamryn Allison','KamrynAllison@gmail.com'),(162,'(619) 902-1134','Colten Waller','ColtenWaller@gmail.com'),(163,'(713) 236-4476','Katrina Lynn','KatrinaLynn@gmail.com'),(164,'(833) 622-5561','Yaritza Pittman','YaritzaPittman@gmail.com'),(165,'(326) 837-9182','Milton Mcclure','MiltonMcclure@gmail.com'),(166,'(978) 831-8926','Zoey Kidd','ZoeyKidd@gmail.com'),(167,'(221) 396-7300','Evelin Cardenas','EvelinCardenas@gmail.com'),(168,'(938) 429-6902','Keyon Horton','KeyonHorton@gmail.com'),(169,'(539) 783-6928','Jose Hill','JoseHill@gmail.com'),(170,'(779) 309-8193','Jerome Rasmussen','JeromeRasmussen@gmail.com'),(171,'(390) 960-5439','Lewis Dennis','LewisDennis@gmail.com'),(172,'(567) 602-3281','Logan Dudley','LoganDudley@gmail.com'),(173,'(439) 792-0339','Mylie Cervantes','MylieCervantes@gmail.com'),(174,'(923) 704-4102','Kassidy Dickson','KassidyDickson@gmail.com'),(175,'(978) 401-0386','Laura Nicholson','LauraNicholson@gmail.com'),(176,'(958) 930-8931','Nola Cardenas','NolaCardenas@gmail.com'),(177,'(776) 994-1009','Madelyn Phillips','MadelynPhillips@gmail.com'),(178,'(856) 243-4132','Mia Golden','MiaGolden@gmail.com'),(179,'(211) 424-8670','Abbigail Mahoney','AbbigailMahoney@gmail.com'),(180,'(831) 680-7224','Livia Schmidt','LiviaSchmidt@gmail.com'),(181,'(368) 687-5191','Madison Roth','MadisonRoth@gmail.com'),(182,'(368) 660-5192','Layla Nichols','LaylaNichols@gmail.com'),(183,'(683) 471-3537','Jayvion Blackwell','JayvionBlackwell@gmail.com'),(184,'(747) 236-7101','Kailey Jensen','KaileyJensen@gmail.com'),(185,'(318) 757-1345','Brice Mckinney','BriceMckinney@gmail.com'),(186,'(573) 239-6392','Alberto Arnold','AlbertoArnold@gmail.com'),(187,'(648) 320-5322','Aimee Middleton','AimeeMiddleton@gmail.com'),(188,'(720) 334-8244','Kristopher Gonzalez','KristopherGonzalez@gmail.com'),(189,'(324) 535-9609','Macey Manning','MaceyManning@gmail.com'),(190,'(665) 727-6104','Karina Gould','KarinaGould@gmail.com'),(191,'(840) 552-7563','Maren Solis','MarenSolis@gmail.com'),(192,'(824) 578-5224','Jackson Avery','JacksonAvery@gmail.com'),(193,'(900) 972-1619','Mackenzie Roth','MackenzieRoth@gmail.com'),(194,'(994) 630-7021','Jadon Brooks','JadonBrooks@gmail.com'),(195,'(875) 634-9485','Skyler Patrick','SkylerPatrick@gmail.com'),(196,'(831) 287-3256','Nola Holden','NolaHolden@gmail.com'),(197,'(899) 949-4569','Ronin Fields','RoninFields@gmail.com'),(198,'(871) 255-3604','Alejandro White','AlejandroWhite@gmail.com'),(199,'(981) 250-3696','Katelyn Osborne','KatelynOsborne@gmail.com'),(200,'(731) 478-7732','Keira Tanner','KeiraTanner@gmail.com'),(201,'(621) 567-7104','Manuel Berger','ManuelBerger@gmail.com'),(202,'(312) 299-3860','Savanna Durham','SavannaDurham@gmail.com'),(203,'(595) 411-9302','Carsen Waller','CarsenWaller@gmail.com'),(204,'(458) 760-9466','Ean Dawson','EanDawson@gmail.com'),(205,'(468) 271-9182','Amber Hester','AmberHester@gmail.com'),(206,'(261) 524-6414','Yael Foley','YaelFoley@gmail.com'),(207,'(498) 543-0889','Abel Casey','AbelCasey@gmail.com'),(208,'(840) 417-9632','Azul Mosley','Azul Mosley@gmail.com'),(209,'(591) 399-1701','Tiffany Riley','TiffanyRiley@gmail.com'),(210,'(940) 758-6123','Adan Dalton','AdanDalton@gmail.com'),(211,'(339) 603-0864','Abbey Logan','AbbeyLogan@gmail.com'),(212,'(862) 971-6161','Tommy Key','TommyKey@gmail.com'),(213,'(315) 909-9393','Yahir Garza','YahirGarza@gmail.com'),(214,'(839) 436-2933','Abigayle Jimenez','AbigayleJimenez@gmail.com'),(215,'(249) 818-0380','Francesca Brooks','FrancescaBrooks@gmail.com'),(216,'(384) 506-2139','Donna Marks','DonnaMarks@gmail.com'),(217,'(859) 509-5140','Alisha Whitney','AlishaWhitney@gmail.com'),(218,'(925) 359-1920','Rogelio Rowe','RogelioRowe@gmail.com'),(219,'(880) 418-9445','Angeline Salinas','AngelineSalinas@gmail.com'),(220,'(361) 760-8224','Trinity Wagner','TrinityWagner@gmail.com'),(221,'(957) 448-8403','Maleah Malone','MaleahMalone@gmail.com'),(222,'(315) 458-8663','Jazlene Haas','JazleneHaas@gmail.com'),(223,'(964) 394-4465','Aimee Dickson','AimeeDickson@gmail.com'),(224,'(709) 773-5693','Jairo Munoz','JairoMunoz@gmail.com'),(225,'(896) 323-0085','Alannah Acosta','AlannahAcosta@gmail.com'),(226,'(736) 586-6204','Mariyah Weiss','MariyahWeiss@gmail.com'),(227,'(343) 416-6123','Nataly Vaughn','NatalyVaughn@gmail.com'),(228,'(218) 943-1618','Marlon Nelson','MarlonNelson@gmail.com'),(229,'(392) 426-5488','Cortez Mendez','CortezMendez@gmail.com'),(230,'(716) 297-3453','America Allison','AmericaAllison@gmail.com'),(231,'(886) 822-6888','Maurice Chang','MauriceChang@gmail.com'),(232,'(865) 853-9758','Kinsley Barnes','KinsleyBarnes@gmail.com'),(233,'(472) 576-1107','Jameson Blackburn','JamesonBlackburn@gmail.com'),(234,'(998) 481-8934','Allie Oneill','AllieOneill@gmail.com'),(235,'(683) 768-5999','Simon Hale','SimonHale@gmail.com'),(236,'(606) 471-3387','Catalina Sweeney','CatalinaSweeney@gmail.com'),(237,'(958) 862-0408','Graham Choi','GrahamChoi@gmail.com'),(238,'(382) 600-5189','Isaias Clarke','IsaiasClarke@gmail.com'),(239,'(371) 294-9578','Tanya Carrillo','TanyaCarrillo@gmail.com'),(240,'(202) 320-7015','Nora Clay','NoraClay@gmail.com'),(241,'(958) 611-2625','Dulce Schultz','DulceSchultz@gmail.com'),(242,'(290) 564-2896','Armando Dillon','ArmandoDillon@gmail.com'),(243,'(655) 772-9487','Nick Dudley','NickDudley@gmail.com'),(244,'(209) 124-1234','James Tal','burgeryout@hotmail.com'),(245,'(562) 956-8186','Vanessa Larsen','VanessaLarsen@gmail.com'),(246,'(301) 832-8976','Aedan Mullins','AedanMullins@gmail.com'),(247,'(729) 400-4646','Jamiya Cordova','JamiyaCordova@gmail.com'),(248,'(567) 688-3762','Harold Salas','HaroldSalas@gmail.com'),(249,'(648) 516-3895','Linda Acevedo','LindaAcevedo@gmail.com'),(250,'(603) 378-1374','Lillianna Gonzalez','LilliannaGonzalez@gmail.com'),(251,'(727) 644-0287','Triston Bruce','TristonBruce@gmail.com'),(252,'(945) 776-0022','Philip Frederick','PhilipFrederick@gmail.com'),(253,'(690) 695-8902','Chaya Yates','ChayaYates@gmail.com'),(254,'(275) 880-5933','Pranav Mcintyre','Pranav Mcintyre@gmail.com'),(255,'(651) 334-9267','Joanna Glover','Joanna Glover@gmail.com'),(256,'(729) 782-3045','Holly Hays','Holly Hays@gmail.com'),(257,'(881) 294-7046','Shaniya Boyer','Shaniya Boyer@gmail.com'),(258,'(237) 403-7396','Skyler Swanson','SkylerSwanson@gmail.com'),(259,'(282) 266-5150','Judah Mcguire','Judah Mcguire@gmail.com'),(260,'(755) 582-7225','Alexia Mcdowell','AlexiaMcdowell@gmail.com'),(261,'(324) 300-3119','Lilia Greene','LiliaGreene@gmail.com'),(262,'(215) 691-7731','Irene Rivers','IreneRivers@gmail.com'),(263,'(463) 248-9768','Julien Schroeder','JulienSchroeder@gmail.com'),(264,'(457) 297-8283','India Mcintyre','IndiaMcintyre@gmail.com'),(265,'(957) 353-5355','Adriel Graves','AdrielGraves@gmail.com'),(266,'(836) 349-7485','Gianna Becker','GiannaBecker@gmail.com'),(267,'(847) 582-6111','Laylah Ortiz','LaylahOrtiz@gmail.com'),(268,'(429) 487-2494','Coby Carr','CobyCarr@gmail.com'),(269,'(919) 658-0023','Clay Hermez','ClayHermez@gmail.com'),(270,'(663) 258-2132','Landen Ponce','LandenPonce@gmail.com'),(271,'(384) 521-9120','Chaya Perkins','ChayaPerkins@gmail.com'),(272,'(635) 327-0957','Kaitlyn Knight','KaitlynKnight@gmail.com'),(273,'(257) 616-7115','Noelle Stafford','NoelleStafford@gmail.com'),(274,'(988) 239-7815','Julio Poole','JulioPoole@gmail.com'),(275,'(801) 974-8304','Baylee Ramsey','BayleeRamsey@gmail.com'),(276,'(344) 921-3460','Elliot Vincent','ElliotVincent@gmail.com'),(277,'(556) 948-5906','Roselyn Lutz','RoselynLutz@gmail.com'),(278,'(722) 455-8934','Darien Robles','DarienRobles@gmail.com'),(279,'(776) 324-9245','Lilliana Dixon','LillianaDixon@gmail.com'),(280,'(447) 723-7189','Armani Choi','ArmaniChoi@gmail.com'),(281,'(934) 227-4843','Yair Boyer','YairBoyer@gmail.com'),(282,'(935) 260-5831','Kai Richard','KaiRichard@gmail.com'),(283,'(701) 284-7520','Donna Clayton','DonnaClayton@gmail.com'),(284,'(846) 883-2320','Miles Gomez','MilesGomez@gmail.com'),(285,'(513) 343-2131','Jace Stevens','JaceStevens@gmail.com'),(286,'(503) 994-5198','Maximo Valdez','MaximoValdez@gmail.com'),(287,'(679) 638-5838','Emely Branch','EmelyBranch@gmail.com'),(288,'(515) 413-0133','Rosemary Blackwell','RosemaryBlackwell@gmail.com'),(289,'(811) 706-5774','Makenna Vargas','Makenna Vargas'),(290,'(525) 962-1161','Darion Osborne','DarionOsborne@gmail.com'),(291,'(862) 714-9567','Kallie Mejia','KallieMejia@gmail.com'),(292,'(882) 833-8595','Conor Mosley','ConorMosley@gmail.com'),(293,'(775) 328-3983','Tiffany Zamora','TiffanyZamora@gmail.com'),(294,'(806) 253-8037','Scott Barrera','ScottBarrera@gmail.com'),(295,'(873) 343-4119','Kaila Schroeder','KailaSchroeder@gmail.com'),(296,'(576) 562-9275','Aden Flowers','AdenFlowers@gmail.com'),(297,'(580) 486-0508','Skyla Cabrera','SkylaCabrera@gmail.com'),(298,'(429) 397-3131','Alyvia Wood','AlyviaWood@gmail.com'),(299,'(717) 849-2898','Lennon Owen','LennonOwen@gmail.com'),(300,'(209) 514-5299','Heidi Baldwin','HeidiBaldwin@gmail.com');
/*!40000 ALTER TABLE `customer` ENABLE KEYS */;
UNLOCK TABLES;

--
-- Table structure for table `customer_owes_bill`
--

DROP TABLE IF EXISTS `customer_owes_bill`;
/*!40101 SET @saved_cs_client     = @@character_set_client */;
/*!50503 SET character_set_client = utf8mb4 */;
CREATE TABLE `customer_owes_bill` (
  `idCustomerCOB` int NOT NULL,
  `idBillCOB` int NOT NULL,
  PRIMARY KEY (`idCustomerCOB`,`idBillCOB`),
  KEY `idBillCOB_idx` (`idBillCOB`),
  CONSTRAINT `idBillCOB` FOREIGN KEY (`idBillCOB`) REFERENCES `bill` (`idBill`),
  CONSTRAINT `idCustomerCOB` FOREIGN KEY (`idCustomerCOB`) REFERENCES `customer` (`idCustomer`)
) ENGINE=InnoDB DEFAULT CHARSET=utf8mb4 COLLATE=utf8mb4_0900_ai_ci;
/*!40101 SET character_set_client = @saved_cs_client */;

--
-- Dumping data for table `customer_owes_bill`
--

LOCK TABLES `customer_owes_bill` WRITE;
/*!40000 ALTER TABLE `customer_owes_bill` DISABLE KEYS */;
INSERT INTO `customer_owes_bill` VALUES (1,1),(2,2),(3,3),(4,4),(5,5),(6,6),(7,7),(8,8),(9,9),(10,10),(11,11),(12,12),(13,13),(14,14),(15,15),(16,16),(17,17),(18,18),(19,19),(20,20),(21,21),(22,22),(23,23),(24,24),(25,25),(26,26),(27,27),(28,28),(29,29),(30,30),(31,31),(32,32),(33,33),(34,34),(35,35),(36,36),(37,37),(38,38),(39,39),(40,40),(41,41),(42,42),(43,43),(44,44),(45,45),(46,46),(47,47),(48,48),(49,49),(50,50),(51,51),(52,52),(53,53),(54,54),(55,55),(56,56),(57,57),(58,58),(59,59),(60,60),(61,61),(62,62),(63,63),(64,64),(65,65),(66,66),(67,67),(68,68),(69,69),(70,70),(71,71),(72,72),(73,73),(74,74),(75,75),(76,76),(77,77),(78,78),(79,79),(80,80),(81,81),(82,82),(83,83),(84,84),(85,85),(86,86),(87,87),(88,88),(89,89),(90,90),(91,91),(92,92),(93,93),(94,94),(95,95),(96,96),(97,97),(98,98),(99,99),(100,100),(101,101),(102,102),(103,103),(104,104),(105,105),(106,106),(107,107),(108,108),(109,109),(110,110),(111,111),(112,112),(113,113),(114,114),(115,115),(116,116),(117,117),(118,118),(119,119),(120,120),(121,121),(122,122),(123,123),(124,124),(125,125),(126,126),(127,127),(128,128),(129,129),(130,130),(131,131),(132,132),(133,133),(134,134),(135,135),(136,136),(137,137),(138,138),(139,139),(140,140),(141,141),(142,142),(143,143),(144,144),(145,145),(146,146),(147,147),(148,148),(149,149),(150,150),(151,151),(152,152),(153,153),(154,154),(155,155),(156,156),(157,157),(158,158),(159,159),(160,160),(161,161),(162,162),(163,163),(164,164),(165,165),(166,166),(167,167),(168,168),(169,169),(170,170),(171,171),(172,172),(173,173),(174,174),(175,175),(176,176),(177,177),(178,178),(179,179),(180,180),(181,181),(182,182),(183,183),(184,184),(185,185),(186,186),(187,187),(188,188),(189,189),(190,190),(191,191),(192,192),(193,193),(194,194),(195,195),(196,196),(197,197),(198,198),(199,199),(200,200),(201,201),(202,202),(203,203),(204,204),(205,205),(206,206),(207,207),(208,208),(209,209),(210,210),(211,211),(212,212),(213,213),(214,214),(215,215),(216,216),(217,217),(218,218),(219,219),(220,220),(221,221),(222,222),(223,223),(224,224),(225,225),(226,226),(227,227),(228,228),(229,229),(230,230),(231,231),(232,232),(233,233),(234,234),(235,235),(236,236),(237,237),(238,238),(239,239),(240,240),(241,241),(242,242),(243,243),(244,244),(245,245),(246,246),(247,247),(248,248),(249,249),(250,250),(251,251),(252,252),(253,253),(254,254),(255,255),(256,256),(257,257),(258,258),(259,259),(260,260),(261,261),(262,262),(263,263),(264,264),(265,265),(266,266),(267,267),(268,268),(269,269),(270,270),(271,271),(272,272),(273,273),(274,274),(275,275),(276,276),(277,277),(278,278),(279,279),(280,280),(281,281),(282,282),(283,283),(284,284),(285,285),(286,286),(287,287),(288,288),(289,289),(290,290),(291,291),(292,292),(293,293),(294,294),(295,295),(296,296),(297,297),(298,298),(299,299),(300,300);
/*!40000 ALTER TABLE `customer_owes_bill` ENABLE KEYS */;
UNLOCK TABLES;

--
-- Table structure for table `customer_usage`
--

DROP TABLE IF EXISTS `customer_usage`;
/*!40101 SET @saved_cs_client     = @@character_set_client */;
/*!50503 SET character_set_client = utf8mb4 */;
CREATE TABLE `customer_usage` (
  `idProductCU` int NOT NULL,
  `idCustomerCU` int NOT NULL,
  `usageToDate` float DEFAULT NULL,
  PRIMARY KEY (`idProductCU`,`idCustomerCU`),
  KEY `idCustomerCU_idx` (`idCustomerCU`),
  CONSTRAINT `idCustomerCU` FOREIGN KEY (`idCustomerCU`) REFERENCES `customer` (`idCustomer`),
  CONSTRAINT `idProductCU` FOREIGN KEY (`idProductCU`) REFERENCES `product` (`idProduct`)
) ENGINE=InnoDB DEFAULT CHARSET=utf8mb4 COLLATE=utf8mb4_0900_ai_ci;
/*!40101 SET character_set_client = @saved_cs_client */;

--
-- Dumping data for table `customer_usage`
--

LOCK TABLES `customer_usage` WRITE;
/*!40000 ALTER TABLE `customer_usage` DISABLE KEYS */;
INSERT INTO `customer_usage` VALUES (1,1,40),(1,4,35),(1,8,26),(1,10,35),(1,13,36),(1,14,20),(1,16,33),(1,18,53),(1,24,33),(1,26,66),(1,29,47),(1,31,46),(1,33,49),(1,35,45),(1,37,33),(1,39,40),(1,41,47),(1,43,66),(1,46,62),(1,50,65),(1,51,33),(1,64,69),(1,65,50),(1,75,54),(1,77,64),(1,78,25),(1,87,24),(1,88,34),(1,91,29),(1,99,40),(1,101,62),(1,104,33),(1,105,40),(1,107,44),(1,108,51),(1,109,55),(1,111,46),(1,113,26),(1,114,66),(1,118,24),(1,122,47),(1,123,28),(1,124,52),(1,126,31),(1,127,33),(1,130,45),(1,133,32),(1,134,28),(1,135,67),(1,139,38),(1,141,32),(1,144,65),(1,146,60),(1,147,62),(1,160,47),(1,162,53),(1,163,39),(1,167,38),(1,169,37),(1,170,26),(1,171,55),(1,173,53),(1,176,58),(1,179,28),(1,180,63),(1,183,68),(1,184,46),(1,189,62),(1,191,60),(1,194,40),(1,196,62),(1,197,47),(1,201,22),(1,202,69),(1,204,34),(1,207,24),(1,208,45),(1,210,27),(1,211,45),(1,215,53),(1,217,38),(1,222,30),(1,224,39),(1,231,35),(1,235,25),(1,237,42),(1,238,67),(1,243,26),(1,245,38),(1,247,66),(1,250,36),(1,252,57),(1,253,69),(1,258,64),(1,261,52),(1,268,59),(1,274,28),(1,276,60),(1,279,57),(1,283,41),(1,286,66),(1,291,64),(1,294,69),(1,299,27),(1,300,27),(2,2,80),(2,5,89),(2,9,20),(2,17,65),(2,20,46),(2,23,65),(2,25,50),(2,27,35),(2,30,22),(2,38,66),(2,44,68),(2,45,20),(2,56,29),(2,63,55),(2,67,51),(2,70,33),(2,71,51),(2,72,52),(2,79,50),(2,80,43),(2,83,60),(2,92,46),(2,95,48),(2,96,40),(2,98,45),(2,100,65),(2,102,41),(2,119,30),(2,132,58),(2,136,44),(2,148,39),(2,149,32),(2,151,60),(2,157,53),(2,161,20),(2,165,31),(2,166,31),(2,174,69),(2,175,23),(2,186,61),(2,187,31),(2,188,65),(2,193,42),(2,205,59),(2,206,64),(2,213,36),(2,216,32),(2,221,50),(2,223,58),(2,228,51),(2,233,31),(2,241,26),(2,248,43),(2,251,55),(2,254,63),(2,255,58),(2,256,69),(2,257,48),(2,260,27),(2,266,27),(2,270,50),(2,273,49),(2,277,25),(2,278,25),(2,282,56),(2,287,41),(2,288,40),(2,290,52),(2,295,62),(2,298,48),(2,299,48),(3,3,45),(3,6,40),(3,7,65),(3,11,32),(3,12,68),(3,15,28),(3,19,52),(3,21,50),(3,22,40),(3,28,27),(3,32,35),(3,34,40),(3,36,57),(3,40,32),(3,42,47),(3,47,66),(3,48,45),(3,49,47),(3,52,64),(3,53,55),(3,55,30),(3,57,21),(3,61,41),(3,62,28),(3,66,29),(3,68,41),(3,69,35),(3,73,32),(3,82,24),(3,84,31),(3,86,54),(3,89,57),(3,90,58),(3,94,69),(3,103,21),(3,106,44),(3,110,24),(3,112,20),(3,120,66),(3,121,63),(3,128,36),(3,131,64),(3,137,58),(3,140,63),(3,142,49),(3,145,61),(3,150,26),(3,153,68),(3,155,47),(3,168,37),(3,177,51),(3,185,35),(3,195,57),(3,198,58),(3,199,38),(3,209,68),(3,214,23),(3,218,39),(3,219,23),(3,225,54),(3,227,26),(3,236,30),(3,240,52),(3,242,69),(3,246,52),(3,249,27),(3,259,27),(3,263,65),(3,264,46),(3,267,45),(3,271,22),(3,272,22),(3,280,58),(3,281,68),(3,284,58),(3,285,49),(3,292,54),(3,293,64),(3,296,46),(3,298,23),(3,300,45),(4,54,33),(4,58,57),(4,59,20),(4,60,36),(4,74,62),(4,76,41),(4,81,42),(4,85,55),(4,93,26),(4,97,30),(4,115,66),(4,116,59),(4,117,43),(4,125,40),(4,129,47),(4,138,58),(4,143,46),(4,152,67),(4,154,24),(4,156,52),(4,158,51),(4,159,52),(4,164,33),(4,172,59),(4,178,37),(4,181,59),(4,182,66),(4,190,55),(4,192,53),(4,200,32),(4,203,56),(4,212,56),(4,220,62),(4,226,50),(4,229,47),(4,230,57),(4,232,29),(4,234,32),(4,239,30),(4,244,62),(4,262,68),(4,265,65),(4,269,41),(4,275,65),(4,289,62),(4,297,34);
/*!40000 ALTER TABLE `customer_usage` ENABLE KEYS */;
UNLOCK TABLES;

--
-- Table structure for table `expenses`
--

DROP TABLE IF EXISTS `expenses`;
/*!40101 SET @saved_cs_client     = @@character_set_client */;
/*!50503 SET character_set_client = utf8mb4 */;
CREATE TABLE `expenses` (
  `idExpenses` int NOT NULL,
  `Cost` float NOT NULL,
  `Date` date NOT NULL,
  `Description` varchar(45) NOT NULL,
  PRIMARY KEY (`idExpenses`)
) ENGINE=InnoDB DEFAULT CHARSET=utf8mb4 COLLATE=utf8mb4_0900_ai_ci;
/*!40101 SET character_set_client = @saved_cs_client */;

--
-- Dumping data for table `expenses`
--

LOCK TABLES `expenses` WRITE;
/*!40000 ALTER TABLE `expenses` DISABLE KEYS */;
INSERT INTO `expenses` VALUES (1,2500,'2019-08-20',' Cleaning Service'),(2,8000,'2020-02-19','Cafe Upgrade'),(3,250,'2022-03-00','Transportation fees'),(4,150,'2022-03-03','Internet'),(5,3000,'2022-03-06','Rent'),(6,475,'2022-03-09','Insurance'),(7,430,'2022-03-12','Materials'),(8,782,'2022-03-15','Tech Equipment'),(9,8546,'2022-03-18','Salaries'),(10,160,'2022-02-03','Transportation fees'),(11,300,'2021-11-21','Transportation'),(12,150,'2021-12-28','Office Supplies'),(13,1200,'2022-02-12','Travel'),(14,10000,'2022-04-05','Salaries'),(15,1000,'2022-03-18','Tech Equipment'),(16,350,'2022-03-06','Insurance'),(17,325,'2022-01-13','Internet'),(18,2000,'2021-11-30','Rent'),(19,25000,'2021-12-03','Materials'),(20,1500,'2021-11-09','Taxes'),(21,132,'2022-02-06','Internet'),(22,1485,'2022-02-09','Rent'),(23,456,'2022-02-12','Insurance'),(24,789,'2022-02-15','Materials'),(25,123,'2022-02-18','Tech Equipment'),(26,7456,'2022-02-21','Salaries'),(27,198,'2022-01-03','Transportation fees'),(28,145,'2022-01-06','Internet'),(29,1760,'2022-01-09','Rent'),(30,152,'2022-01-12','Insurance'),(31,259,'2022-01-15','Materials'),(32,450,'2022-01-18','Tech Equipment'),(33,9500,'2022-01-21','Salaries'),(34,85,'2021-12-06','Internet'),(35,975,'2021-12-09','Rent'),(36,450,'2021-12-12','Insurance'),(37,350,'2021-12-15','Materials'),(38,174,'2021-12-18','Tech Equipment'),(39,9800,'2021-12-21','Salaries'),(40,120,'2021-12-03','Transportation fees'),(41,745,'2021-11-03','Transportation fees'),(42,205,'2021-11-06','Internet'),(43,789,'2021-11-09','Rent'),(44,452,'2021-11-12','Insurance'),(45,897,'2021-11-15','Materials'),(46,350,'2021-11-18','Tech Equipment'),(47,7800,'2021-11-21','Salaries'),(48,245,'2021-10-03','Transportation fees'),(49,135,'2021-10-06','Internet'),(50,789,'2021-10-09','Rent'),(51,245,'2021-10-12','Insurance'),(52,456,'2021-10-15','Materials'),(53,812,'2021-10-18','Tech Equipment'),(54,8563,'2021-10-21','Salaries');
/*!40000 ALTER TABLE `expenses` ENABLE KEYS */;
UNLOCK TABLES;

--
-- Table structure for table `moneyatrisk`
--

DROP TABLE IF EXISTS `moneyatrisk`;
/*!40101 SET @saved_cs_client     = @@character_set_client */;
/*!50503 SET character_set_client = utf8mb4 */;
CREATE TABLE `moneyatrisk` (
  `idBill` int NOT NULL,
  `idCustomer` int NOT NULL,
  PRIMARY KEY (`idBill`,`idCustomer`),
  KEY `idCustomer_idx` (`idCustomer`),
  CONSTRAINT `idBill` FOREIGN KEY (`idBill`) REFERENCES `bill` (`idBill`),
  CONSTRAINT `idCustomer` FOREIGN KEY (`idCustomer`) REFERENCES `customer` (`idCustomer`)
) ENGINE=InnoDB DEFAULT CHARSET=utf8mb4 COLLATE=utf8mb4_0900_ai_ci;
/*!40101 SET character_set_client = @saved_cs_client */;

--
-- Dumping data for table `moneyatrisk`
--

LOCK TABLES `moneyatrisk` WRITE;
/*!40000 ALTER TABLE `moneyatrisk` DISABLE KEYS */;
INSERT INTO `moneyatrisk` VALUES (50,50),(51,51),(52,52),(53,53),(54,54),(55,55),(56,56),(57,57),(58,58),(59,59),(60,60),(61,61),(62,62),(63,63),(64,64),(65,65),(66,66),(67,67),(68,68),(69,69),(70,70),(71,71),(72,72),(73,73),(74,74),(75,75),(76,76),(77,77),(78,78),(79,79),(80,80),(81,81),(82,82),(83,83),(84,84),(85,85),(86,86),(87,87),(88,88),(89,89),(90,90),(91,91),(92,92),(93,93),(94,94),(95,95),(96,96),(97,97),(98,98),(99,99),(100,100);
/*!40000 ALTER TABLE `moneyatrisk` ENABLE KEYS */;
UNLOCK TABLES;

--
-- Table structure for table `product`
--

DROP TABLE IF EXISTS `product`;
/*!40101 SET @saved_cs_client     = @@character_set_client */;
/*!50503 SET character_set_client = utf8mb4 */;
CREATE TABLE `product` (
  `idProduct` int NOT NULL,
  `nameProduct` varchar(45) NOT NULL,
  PRIMARY KEY (`idProduct`)
) ENGINE=InnoDB DEFAULT CHARSET=utf8mb4 COLLATE=utf8mb4_0900_ai_ci;
/*!40101 SET character_set_client = @saved_cs_client */;

--
-- Dumping data for table `product`
--

LOCK TABLES `product` WRITE;
/*!40000 ALTER TABLE `product` DISABLE KEYS */;
INSERT INTO `product` VALUES (1,'Crude Oil'),(2,'Solar'),(3,'Nuclear'),(4,'Natural Gas');
/*!40000 ALTER TABLE `product` ENABLE KEYS */;
UNLOCK TABLES;

--
-- Table structure for table `region`
--

DROP TABLE IF EXISTS `region`;
/*!40101 SET @saved_cs_client     = @@character_set_client */;
/*!50503 SET character_set_client = utf8mb4 */;
CREATE TABLE `region` (
  `idRegion` int NOT NULL,
  `nameRegion` varchar(45) NOT NULL,
  PRIMARY KEY (`idRegion`),
  UNIQUE KEY `RegionName_UNIQUE` (`nameRegion`)
) ENGINE=InnoDB DEFAULT CHARSET=utf8mb4 COLLATE=utf8mb4_0900_ai_ci COMMENT='Hold Information about the Region ';
/*!40101 SET character_set_client = @saved_cs_client */;

--
-- Dumping data for table `region`
--

LOCK TABLES `region` WRITE;
/*!40000 ALTER TABLE `region` DISABLE KEYS */;
INSERT INTO `region` VALUES (3,'Alberta'),(2,'Manitoba'),(1,'Ontario');
/*!40000 ALTER TABLE `region` ENABLE KEYS */;
UNLOCK TABLES;

--
-- Table structure for table `region_has_customer`
--

DROP TABLE IF EXISTS `region_has_customer`;
/*!40101 SET @saved_cs_client     = @@character_set_client */;
/*!50503 SET character_set_client = utf8mb4 */;
CREATE TABLE `region_has_customer` (
  `idCustomerRH` int NOT NULL,
  `idRegionRH` int NOT NULL,
  `registered` date NOT NULL,
  `propertyDetails` varchar(45) NOT NULL,
  PRIMARY KEY (`idCustomerRH`,`idRegionRH`),
  KEY `idRegion_idx` (`idRegionRH`),
  CONSTRAINT `idCustomerRH` FOREIGN KEY (`idCustomerRH`) REFERENCES `customer` (`idCustomer`) ON DELETE RESTRICT ON UPDATE RESTRICT,
  CONSTRAINT `idRegionRH` FOREIGN KEY (`idRegionRH`) REFERENCES `region` (`idRegion`) ON DELETE RESTRICT ON UPDATE RESTRICT
) ENGINE=InnoDB DEFAULT CHARSET=utf8mb4 COLLATE=utf8mb4_0900_ai_ci;
/*!40101 SET character_set_client = @saved_cs_client */;

--
-- Dumping data for table `region_has_customer`
--

LOCK TABLES `region_has_customer` WRITE;
/*!40000 ALTER TABLE `region_has_customer` DISABLE KEYS */;
INSERT INTO `region_has_customer` VALUES (1,1,'2021-01-02','124, Apple Street'),(2,2,'2021-01-08','1249 Wildwood Avenue'),(3,3,'2021-01-11','1896 Martin Road'),(4,1,'2021-01-13','128 Blueberry Street'),(5,2,'2021-01-14','192 Luke Avenue'),(6,3,'2021-01-19','271 Cain Road'),(7,1,'2021-02-07','428 Brighton Street'),(8,2,'2021-01-24','281 Huxton Road'),(9,3,'2021-01-19','889 Bulton Road'),(10,1,'2021-01-04','901 Cotta Street'),(11,2,'2021-04-01','863 Broaddus Avenue'),(12,2,'2021-04-02','991 Moonlight Drive'),(13,1,'2021-04-03','1048 Moonlight Drive'),(14,1,'2021-04-04','200 Bulton Road'),(15,1,'2021-04-05','459 Broaddus Avenue'),(16,2,'2021-04-06','1047 Bird Spring Lane'),(17,2,'2021-04-07','374 Bulton Road'),(18,1,'2021-04-08','429 Bird Spring Lane'),(19,3,'2021-04-09','387 Jones Avenue'),(20,3,'2021-04-10','850 Broaddus Avenue'),(21,2,'2021-04-11','683 Bulton Road'),(22,3,'2021-04-12','277 Bulton Road'),(23,1,'2021-04-13','843 Bartlett Avenue'),(24,3,'2021-04-14','1209 Bulton Road'),(25,3,'2021-04-15','442 Bulton Road'),(26,1,'2021-04-16','490 Moonlight Drive'),(27,1,'2021-04-17','297 Bartlett Avenue'),(28,1,'2021-04-18','748 Moonlight Drive'),(29,2,'2021-04-19','1304 Jones Avenue'),(30,1,'2021-04-20','568 Broaddus Avenue'),(31,1,'2021-04-21','714 Jones Avenue'),(32,2,'2021-04-22','228 Bird Spring Lane'),(33,3,'2021-04-23','483 Bulton Road'),(34,3,'2021-04-24','1344 Bartlett Avenue'),(35,3,'2021-04-25','636 Broaddus Avenue'),(36,2,'2021-04-26','854 Bird Spring Lane'),(37,3,'2021-04-27','996 Euclid Avenue'),(38,3,'2021-04-28','1462 Bulton Road'),(39,2,'2021-04-29','1139 Bird Spring Lane'),(40,3,'2021-04-30','515 Broaddus Avenue'),(41,2,'2021-06-01','546 Broad Street'),(42,3,'2021-06-02','697 Broaddus Avenue'),(43,3,'2021-06-03','833 Bartlett Avenue'),(44,2,'2021-06-04','855 North Edgefield Lane'),(45,1,'2021-06-05','563 North Edgefield Lane'),(46,1,'2021-06-06','644 Bird Spring Lane'),(47,1,'2021-06-07','1416 Rockville Road'),(48,1,'2021-06-08','281 Euclid Avenue'),(49,1,'2021-06-09','557 Bartlett Avenue'),(50,2,'2021-06-10','954 Bulton Road'),(51,3,'2021-06-11','323 Bartlett Avenue'),(52,2,'2021-06-12','1131 North Edgefield Lane'),(53,2,'2021-06-13','1014 Bird Spring Lane'),(54,2,'2021-06-14','1002 Moonlight Drive'),(55,1,'2021-06-15','920 Bulton Road'),(56,1,'2021-06-16','832 Rockville Road'),(57,1,'2021-06-17','1416 Broad Street'),(58,2,'2021-06-18','1040 Roberts Street'),(59,1,'2021-06-19','602 Smith Drive'),(60,3,'2021-06-20','741 Bartlett Avenue'),(61,1,'2021-06-21','1193 Smith Drive'),(62,2,'2021-06-22','752 Jones Avenue'),(63,1,'2021-06-23','336 Bird Spring Lane'),(64,3,'2021-06-24','521 North Edgefield Lane'),(65,1,'2021-06-25','810 Jones Avenue'),(66,1,'2021-06-26','664 Broad Street'),(67,3,'2021-06-27','1266 Bulton Road'),(68,2,'2021-06-28','924 Big Rock Cove Street'),(69,1,'2021-06-29','1373 Roberts Street'),(70,3,'2021-06-30','1153 Big Rock Cove Street'),(71,1,'2021-07-01','643 Broad Street'),(72,3,'2021-07-02','864 Euclid Avenue'),(73,3,'2021-07-03','545 Rockville Road'),(74,1,'2021-07-04','836 Jones Avenue'),(75,2,'2021-07-05','1353 Euclid Avenue'),(76,2,'2021-07-06','525 Bulton Road'),(77,2,'2021-07-07','223 Moonlight Drive'),(78,2,'2021-07-08','982 Broad Street'),(79,3,'2021-07-09','925 Moonlight Drive'),(80,2,'2021-07-10','534 Smith Drive'),(81,2,'2021-07-11','330 Jones Avenue'),(82,2,'2021-07-12','1214 Bulton Road'),(83,3,'2021-07-13','293 Smith Drive'),(84,2,'2021-07-14','336 Bulton Road'),(85,1,'2021-07-15','1403 Big Rock Cove Street'),(86,3,'2021-07-16','1087 North Edgefield Lane'),(87,3,'2021-07-17','400 Rockville Road'),(88,3,'2021-07-18','514 Bulton Road'),(89,2,'2021-07-19','237 Bartlett Avenue'),(90,3,'2021-07-20','689 Bird Spring Lane'),(91,1,'2021-07-21','778 Bird Spring Lane'),(92,1,'2021-07-22','264 Smith Drive'),(93,2,'2021-07-23','1149 Broaddus Avenue'),(94,1,'2021-07-24','796 Moonlight Drive'),(95,1,'2021-07-25','681 East Beech Court'),(96,3,'2021-07-26','283 Roberts Street'),(97,1,'2021-07-27','1193 Jones Avenue'),(98,2,'2021-07-28','1039 Rockville Road'),(99,3,'2021-07-29','812 Roberts Street'),(100,3,'2021-07-30','1455 Jones Avenue'),(101,1,'2021-08-01','820 Moonlight Drive'),(102,1,'2021-08-02','849 Big Rock Cove Street'),(103,1,'2021-08-03','1438 Broaddus Avenue'),(104,3,'2021-08-04','835 Smith Drive'),(105,1,'2021-08-05','1388 Smith Drive'),(106,1,'2021-08-06','1039 East Beech Court'),(107,3,'2021-08-07','1216 Bird Spring Lane'),(108,1,'2021-08-08','1071 Broad Street'),(109,2,'2021-08-09','372 Big Rock Cove Street'),(110,1,'2021-08-10','947 Bulton Road'),(111,1,'2021-08-11','1144 Rockville Road'),(112,3,'2021-08-12','1283 East Beech Court'),(113,3,'2021-08-13','288 Rockville Road'),(114,1,'2021-08-14','924 North Edgefield Lane'),(115,2,'2021-08-15','784 Roberts Street'),(116,2,'2021-08-16','1291 East Beech Court'),(117,1,'2021-08-17','1385 Rockville Road'),(118,3,'2021-08-18','864 Bulton Road'),(119,3,'2021-08-19','887 Broad Street'),(120,1,'2021-08-20','1171 Jones Avenue'),(121,1,'2021-08-21','516 East Beech Court'),(122,3,'2021-08-22','1333 Jones Avenue'),(123,2,'2021-08-23','261 Moonlight Drive'),(124,2,'2021-08-24','867 Roberts Street'),(125,2,'2021-08-25','339 East Beech Court'),(126,1,'2021-08-26','1141 Euclid Avenue'),(127,3,'2021-08-27','976 Big Rock Cove Street'),(128,1,'2021-08-28','248 Rockville Road'),(129,1,'2021-08-29','1088 Rockville Road'),(130,2,'2021-08-30','512 Bird Spring Lane'),(131,2,'2021-09-01','332 Broad Street'),(132,1,'2021-09-02','1303 Moonlight Drive'),(133,1,'2021-09-03','763 North Edgefield Lane'),(134,3,'2021-09-04','1493 Smith Drive'),(135,2,'2021-09-05','804 Bird Spring Lane'),(136,2,'2021-09-06','1320 Euclid Avenue'),(137,1,'2021-09-07','989 Rockville Road'),(138,3,'2021-09-08','822 Bird Spring Lane'),(139,1,'2021-09-09','493 Roberts Street'),(140,1,'2021-09-10','1066 Broad Street'),(141,1,'2021-09-11','323 Rockville Road'),(142,1,'2021-09-12','1443 North Edgefield Lane'),(143,3,'2021-09-13','1434 Bulton Road'),(144,3,'2021-09-14','1394 Roberts Street'),(145,2,'2021-09-15','289 Rockville Road'),(146,3,'2021-09-16','898 Bird Spring Lane'),(147,3,'2021-09-17','1303 Big Rock Cove Street'),(148,3,'2021-09-18','1229 North Edgefield Lane'),(149,2,'2021-09-19','754 Bulton Road'),(150,1,'2021-09-20','1421 Bird Spring Lane'),(151,2,'2021-09-21','728 Bulton Road'),(152,3,'2021-09-22','1037 Broaddus Avenue'),(153,3,'2021-09-23','546 Rockville Road'),(154,3,'2021-09-24','1364 Broad Street'),(155,2,'2021-09-25','868 East Beech Court'),(156,1,'2021-09-26','564 Broaddus Avenue'),(157,2,'2021-09-27','800 Jones Avenue'),(158,3,'2021-09-28','490 Moonlight Drive'),(159,3,'2021-09-29','913 Bulton Road'),(160,1,'2021-09-30','1313 Broaddus Avenue'),(161,1,'2021-09-01','1215 Euclid Avenue'),(162,2,'2021-09-02','1120 Broad Street'),(163,3,'2021-09-03','637 Moonlight Drive'),(164,3,'2021-09-04','1165 Jones Avenue'),(165,2,'2021-09-05','895 North Edgefield Lane'),(166,2,'2021-09-06','869 Jones Avenue'),(167,3,'2021-09-07','304 North Edgefield Lane'),(168,2,'2021-09-08','1359 North Edgefield Lane'),(169,1,'2021-09-09','438 Jones Avenue'),(170,3,'2021-09-10','1427 Big Rock Cove Street'),(171,2,'2021-09-11','788 Smith Drive'),(172,2,'2021-09-12','775 East Beech Court'),(173,1,'2021-09-13','524 Euclid Avenue'),(174,2,'2021-09-14','710 Moonlight Drive'),(175,1,'2021-09-15','897 East Beech Court'),(176,1,'2021-09-16','1134 Bulton Road'),(177,3,'2021-09-17','1195 Big Rock Cove Street'),(178,1,'2021-09-18','1007 Bird Spring Lane'),(179,3,'2021-09-19','1345 Rockville Road'),(180,3,'2021-09-20','924 Bulton Road'),(181,2,'2021-09-21','1348 Jones Avenue'),(182,3,'2021-09-22','986 Euclid Avenue'),(183,1,'2021-09-23','1435 Rockville Road'),(184,2,'2021-09-24','1178 Roberts Street'),(185,1,'2021-09-25','484 Moonlight Drive'),(186,2,'2021-09-26','545 Smith Drive'),(187,3,'2021-09-27','401 Broaddus Avenue'),(188,2,'2021-09-28','343 Jones Avenue'),(189,1,'2021-09-29','1224 Roberts Street'),(190,3,'2021-09-30','516 Moonlight Drive'),(191,1,'2021-09-01','614 Bird Spring Lane'),(192,2,'2021-09-02','965 Rockville Road'),(193,3,'2021-09-03','1057 Euclid Avenue'),(194,1,'2021-09-04','919 Bulton Road'),(195,1,'2021-09-05','234 Broad Street'),(196,2,'2021-09-06','1023 Smith Drive'),(197,1,'2021-09-07','642 East Beech Court'),(198,1,'2021-09-08','1435 Bird Spring Lane'),(199,3,'2021-09-09','1269 Roberts Street'),(200,3,'2021-09-10','361 Rockville Road'),(201,2,'2021-09-11','1233 Roberts Street'),(202,1,'2021-09-12','417 Jones Avenue'),(203,1,'2021-09-13','340 Broaddus Avenue'),(204,2,'2021-09-14','769 Rockville Road'),(205,2,'2021-09-15','1070 Bartlett Avenue'),(206,1,'2021-09-16','982 Big Rock Cove Street'),(207,2,'2021-09-17','1298 North Edgefield Lane'),(208,3,'2021-09-18','868 Moonlight Drive'),(209,1,'2021-09-19','359 Jones Avenue'),(210,2,'2021-09-20','1267 Big Rock Cove Street'),(211,1,'2021-09-21','344 Bulton Road'),(212,2,'2021-09-22','213 Broad Street'),(213,1,'2021-09-23','578 Big Rock Cove Street'),(214,2,'2021-09-24','1103 Bulton Road'),(215,1,'2021-09-25','1117 Smith Drive'),(216,2,'2021-09-26','1196 Roberts Street'),(217,1,'2021-09-27','869 Moonlight Drive'),(218,2,'2021-09-28','873 Smith Drive'),(219,1,'2021-09-29','589 Moonlight Drive'),(220,3,'2021-09-30','756 Smith Drive'),(221,2,'2021-08-01','1004 Roberts Street'),(222,2,'2021-08-02','1424 Euclid Avenue'),(223,3,'2021-08-03','713 Roberts Street'),(224,1,'2021-08-04','948 Bulton Road'),(225,2,'2021-08-05','1276 Big Rock Cove Street'),(226,2,'2021-08-06','877 Big Rock Cove Street'),(227,3,'2021-08-07','1242 Broad Street'),(228,1,'2021-08-08','718 Roberts Street'),(229,1,'2021-08-09','927 Bartlett Avenue'),(230,3,'2021-08-10','230 Jones Avenue'),(231,3,'2021-08-11','644 East Beech Court'),(232,1,'2021-08-12','956 Bird Spring Lane'),(233,1,'2021-08-13','706 Smith Drive'),(234,3,'2021-08-14','1473 North Edgefield Lane'),(235,3,'2021-08-15','799 Rockville Road'),(236,1,'2021-08-16','1470 Jones Avenue'),(237,1,'2021-08-17','689 Bird Spring Lane'),(238,1,'2021-08-18','1035 Bird Spring Lane'),(239,1,'2021-08-19','1345 Roberts Street'),(240,2,'2021-08-20','1199 East Beech Court'),(241,1,'2021-08-21','1275 Jones Avenue'),(242,1,'2021-08-22','1064 East Beech Court'),(243,2,'2021-08-23','1172 Broad Street'),(244,2,'2021-08-24','1054 Big Rock Cove Street'),(245,2,'2021-08-25','809 Bird Spring Lane'),(246,1,'2021-08-26','326 Roberts Street'),(247,1,'2021-08-27','245 North Edgefield Lane'),(248,3,'2021-08-28','670 Smith Drive'),(249,3,'2021-08-29','531 East Beech Court'),(250,1,'2021-08-30','207 North Edgefield Lane'),(251,1,'2021-08-01','942 Euclid Avenue'),(252,1,'2021-08-02','821 Roberts Street'),(253,3,'2021-08-03','1421 Smith Drive'),(254,2,'2021-08-04','991 Rockville Road'),(255,1,'2021-08-05','1092 Rockville Road'),(256,2,'2021-08-06','424 North Edgefield Lane'),(257,2,'2021-08-07','1214 Jones Avenue'),(258,1,'2021-08-08','380 Bartlett Avenue'),(259,1,'2021-08-09','1390 North Edgefield Lane'),(260,2,'2021-08-10','1043 Moonlight Drive'),(261,3,'2021-08-11','967 Jones Avenue'),(262,1,'2021-08-12','1104 Bartlett Avenue'),(263,1,'2021-08-13','1350 Broaddus Avenue'),(264,3,'2021-08-14','1338 Bulton Road'),(265,1,'2021-08-15','425 Bird Spring Lane'),(266,3,'2021-08-16','1388 Smith Drive'),(267,1,'2021-08-17','688 North Edgefield Lane'),(268,3,'2021-08-18','509 Moonlight Drive'),(269,1,'2021-08-19','1196 Bulton Road'),(270,1,'2021-08-20','276 Broaddus Avenue'),(271,1,'2021-08-21','1440 North Edgefield Lane'),(272,3,'2021-08-22','600 Bird Spring Lane'),(273,3,'2021-08-23','285 Moonlight Drive'),(274,3,'2021-08-24','734 Rockville Road'),(275,3,'2021-08-25','1312 Moonlight Drive'),(276,3,'2021-08-26','1482 Moonlight Drive'),(277,2,'2021-08-27','542 Moonlight Drive'),(278,3,'2021-08-28','1032 Smith Drive'),(279,3,'2021-08-29','1484 Jones Avenue'),(280,2,'2021-08-30','616 Jones Avenue'),(281,1,'2021-09-01','903 East Beech Court'),(282,2,'2021-09-02','219 Big Rock Cove Street'),(283,1,'2021-09-03','1157 Rockville Road'),(284,2,'2021-09-04','1237 Smith Drive'),(285,1,'2021-09-05','995 Bird Spring Lane'),(286,1,'2021-09-06','482 East Beech Court'),(287,2,'2021-09-07','245 Rockville Road'),(288,3,'2021-09-08','805 Jones Avenue'),(289,2,'2021-09-09','591 East Beech Court'),(290,3,'2021-09-10','1467 Broad Street'),(291,1,'2021-09-11','1386 North Edgefield Lane'),(292,3,'2021-09-12','1350 Bird Spring Lane'),(293,2,'2021-09-13','298 North Edgefield Lane'),(294,3,'2021-09-14','520 Big Rock Cove Street'),(295,3,'2021-09-15','1411 Euclid Avenue'),(296,2,'2021-09-16','1075 Smith Drive'),(297,3,'2021-09-17','488 Jones Avenue'),(298,2,'2021-09-18','1282 Broaddus Avenue'),(299,3,'2021-09-19','268 Bulton Road'),(300,1,'2021-09-20','1481 Moonlight Drive');
/*!40000 ALTER TABLE `region_has_customer` ENABLE KEYS */;
UNLOCK TABLES;

--
-- Table structure for table `region_provides`
--

DROP TABLE IF EXISTS `region_provides`;
/*!40101 SET @saved_cs_client     = @@character_set_client */;
/*!50503 SET character_set_client = utf8mb4 */;
CREATE TABLE `region_provides` (
  `idRegionRP` int NOT NULL,
  `idProductRP` int NOT NULL,
  PRIMARY KEY (`idRegionRP`,`idProductRP`),
  KEY `idProductRP_idx` (`idProductRP`),
  CONSTRAINT `idProductRP` FOREIGN KEY (`idProductRP`) REFERENCES `product` (`idProduct`),
  CONSTRAINT `idRegionRP` FOREIGN KEY (`idRegionRP`) REFERENCES `region` (`idRegion`)
) ENGINE=InnoDB DEFAULT CHARSET=utf8mb4 COLLATE=utf8mb4_0900_ai_ci;
/*!40101 SET character_set_client = @saved_cs_client */;

--
-- Dumping data for table `region_provides`
--

LOCK TABLES `region_provides` WRITE;
/*!40000 ALTER TABLE `region_provides` DISABLE KEYS */;
INSERT INTO `region_provides` VALUES (1,1),(2,1),(3,1),(1,2),(2,2),(3,2),(1,3),(2,3),(3,3),(1,4),(2,4),(3,4);
/*!40000 ALTER TABLE `region_provides` ENABLE KEYS */;
UNLOCK TABLES;

--
-- Table structure for table `regionexpenses`
--

DROP TABLE IF EXISTS `regionexpenses`;
/*!40101 SET @saved_cs_client     = @@character_set_client */;
/*!50503 SET character_set_client = utf8mb4 */;
CREATE TABLE `regionexpenses` (
  `idRegion` int NOT NULL,
  `idExpense` int NOT NULL,
  PRIMARY KEY (`idExpense`,`idRegion`),
  KEY `idRegion_idx` (`idRegion`),
  CONSTRAINT `idExpenses` FOREIGN KEY (`idExpense`) REFERENCES `expenses` (`idExpenses`),
  CONSTRAINT `idRegion` FOREIGN KEY (`idRegion`) REFERENCES `region` (`idRegion`)
) ENGINE=InnoDB DEFAULT CHARSET=utf8mb4 COLLATE=utf8mb4_0900_ai_ci;
/*!40101 SET character_set_client = @saved_cs_client */;

--
-- Dumping data for table `regionexpenses`
--

LOCK TABLES `regionexpenses` WRITE;
/*!40000 ALTER TABLE `regionexpenses` DISABLE KEYS */;
INSERT INTO `regionexpenses` VALUES (1,2),(1,4),(1,5),(1,6),(1,7),(1,8),(1,9),(1,10),(1,11),(1,12),(1,15),(1,17),(1,20),(1,21),(1,22),(1,27),(1,30),(1,31),(1,36),(1,37),(1,38),(1,41),(1,42),(1,44),(1,45),(1,46),(1,47),(1,50),(2,1),(2,3),(2,10),(2,11),(2,13),(2,16),(2,19),(2,21),(2,23),(2,24),(2,28),(2,32),(2,33),(2,34),(2,35),(2,38),(2,41),(2,42),(2,46),(2,47),(2,48),(2,49),(2,50),(2,51),(2,52),(2,53),(2,54),(3,6),(3,14),(3,17),(3,18),(3,23),(3,25),(3,26),(3,29),(3,30),(3,31),(3,32),(3,33),(3,34),(3,41),(3,44),(3,47),(3,48),(3,51),(3,52),(3,53),(3,54);
/*!40000 ALTER TABLE `regionexpenses` ENABLE KEYS */;
UNLOCK TABLES;
/*!40103 SET TIME_ZONE=@OLD_TIME_ZONE */;

/*!40101 SET SQL_MODE=@OLD_SQL_MODE */;
/*!40014 SET FOREIGN_KEY_CHECKS=@OLD_FOREIGN_KEY_CHECKS */;
/*!40014 SET UNIQUE_CHECKS=@OLD_UNIQUE_CHECKS */;
/*!40101 SET CHARACTER_SET_CLIENT=@OLD_CHARACTER_SET_CLIENT */;
/*!40101 SET CHARACTER_SET_RESULTS=@OLD_CHARACTER_SET_RESULTS */;
/*!40101 SET COLLATION_CONNECTION=@OLD_COLLATION_CONNECTION */;
/*!40111 SET SQL_NOTES=@OLD_SQL_NOTES */;

-- Dump completed on 2022-04-10 23:10:12
